impressions_mae_log1p,impressions_rmse_log1p,impressions_mae_raw,impressions_rmse_raw,n_test
0.1290207096096363,0.1652275387958148,7.650251935323079,9.572471450677295,600
