impressions_mae_log1p,impressions_rmse_log1p,impressions_mae_raw,impressions_rmse_raw,n_test
0.19068719939728335,0.22833934682783058,11.964961064656576,14.007653509855226,300
