impressions_mae_log1p,impressions_rmse_log1p,impressions_mae_raw,impressions_rmse_raw,n_test
0.10562428093976498,0.16435150250111336,14.655490239461264,19.80887307730394,300
