impressions_mae_log1p,impressions_rmse_log1p,impressions_mae_raw,impressions_rmse_raw,n_test
0.09520007828702849,0.13874894716818298,13.24234504699707,17.42113823454283,300
