impressions_mae_log1p,impressions_rmse_log1p,impressions_mae_raw,impressions_rmse_raw,n_test
0.1069876946622517,0.17010486946705392,14.77782745361328,20.301180216423415,300
