{
  "mae": 47.980654102273014,
  "rmse": 72.15426009534718,
  "mae_log1p": 0.2865840705553896,
  "rmse_log1p": 0.37411923768592803,
  "best_val_mae": 0.2865840705553896,
  "health_model": "lstm",
  "target_transform": "log1p"
}