{
  "mae": 138.53368504670775,
  "rmse": 196.50242522677388,
  "mae_log1p": 0.5643209148066384,
  "rmse_log1p": 0.7398754113272119,
  "best_val_mae": 0.5643209148066384,
  "health_model": "transformer",
  "target_transform": "log1p"
}