{
  "mae": 48.833058923008174,
  "rmse": 73.7010210003426,
  "mae_log1p": 0.2914543051994578,
  "rmse_log1p": 0.38314328201216474,
  "best_val_mae": 0.2914543051994578,
  "health_model": "none",
  "target_transform": "log1p"
}