{
  "val_mae": 0.02386331930756569,
  "val_rmse": 0.056534022092819214,
  "best_val_mae": 0.02386331930756569,
  "health_model": "transformer"
}