{
  "val_mae": 0.04869544878602028,
  "val_rmse": 0.08917321264743805,
  "best_val_mae": 0.04869544878602028,
  "health_model": "lstm"
}