{
  "rmse_log1p": 0.12329382325483654,
  "mae_log1p": 0.0881243672812181,
  "rmse": 15.874555988647932,
  "mae": 12.260444564819332
}