{
  "mae": 139.78075997282397,
  "rmse": 195.2738181417728,
  "mae_log1p": 0.24909148070461296,
  "rmse_log1p": 0.32790564511803516,
  "best_val_mae": 0.24909148070461296,
  "health_model": "lstm",
  "target_transform": "log1p"
}