{
  "mae": 141.16483009391828,
  "rmse": 199.60441338880275,
  "mae_log1p": 0.5768282785682457,
  "rmse_log1p": 0.7555211843012909,
  "best_val_mae": 0.5768282785682457,
  "health_model": "lstm",
  "target_transform": "log1p"
}