{
  "rmse_log1p": 0.14118123593513685,
  "mae_log1p": 0.11175227764706075
}