{
  "mae": 205.01371440563952,
  "rmse": 280.4583481738301,
  "mae_log1p": 0.40126581253529425,
  "rmse_log1p": 0.529422944846814,
  "best_val_mae": 0.40126581253529425,
  "health_model": "lstm",
  "target_transform": "log1p"
}