{
  "val_mae": 0.04933624342083931,
  "val_rmse": 0.088310107588768,
  "best_val_mae": 0.04933624342083931,
  "health_model": "transformer"
}