{
  "mae": 148.5203382364951,
  "rmse": 214.50104782883145,
  "mae_log1p": 0.22867373806412852,
  "rmse_log1p": 0.30058170389614214,
  "best_val_mae": 0.22867373806412852,
  "health_model": "none",
  "target_transform": "log1p"
}