{
  "rmse_log1p": 0.13953733969451612,
  "mae_log1p": 0.11009274909234532
}