{
  "mae": 47.6526702892165,
  "rmse": 72.20962539846528,
  "mae_log1p": 0.28509162986216835,
  "rmse_log1p": 0.3742853981577589,
  "best_val_mae": 0.28509162986216835,
  "health_model": "transformer",
  "target_transform": "log1p"
}