{
  "val_mae": 0.02248445712029934,
  "val_rmse": 0.05715520679950714,
  "best_val_mae": 0.02248445712029934,
  "health_model": "lstm"
}