{
  "mae": 210.82379351786258,
  "rmse": 286.0764971766179,
  "mae_log1p": 0.4185545497177631,
  "rmse_log1p": 0.5487187766659757,
  "best_val_mae": 0.4185545497177631,
  "health_model": "none",
  "target_transform": "log1p"
}