{
  "mae": 138.62442182725712,
  "rmse": 195.26043359591688,
  "mae_log1p": 0.24853208281557082,
  "rmse_log1p": 0.32717550132191964,
  "best_val_mae": 0.24853208281557082,
  "health_model": "transformer",
  "target_transform": "log1p"
}