{
  "mae": 128.62358751594027,
  "rmse": 187.40433093748481,
  "mae_log1p": 0.2311516947375652,
  "rmse_log1p": 0.3070097760146249,
  "best_val_mae": 0.2311516947375652,
  "health_model": "none",
  "target_transform": "log1p"
}