{
  "val_mae": 0.027685340493917465,
  "val_rmse": 0.07201984524726868,
  "best_val_mae": 0.027685340493917465,
  "health_model": "lstm"
}