{
  "rmse_log1p": 0.13758362390527648,
  "mae_log1p": 0.09341012007045597,
  "rmse": 16.906027113035375,
  "mae": 12.845813954671225
}