{
  "mae": 204.57215447297418,
  "rmse": 278.82369013605023,
  "mae_log1p": 0.3972833779436317,
  "rmse_log1p": 0.5182256179915163,
  "best_val_mae": 0.3972833779436317,
  "health_model": "transformer",
  "target_transform": "log1p"
}