{
  "mae": 141.27075132436377,
  "rmse": 200.63693777990105,
  "mae_log1p": 0.5784023344308539,
  "rmse_log1p": 0.7543767303682719,
  "best_val_mae": 0.5784023344308539,
  "health_model": "none",
  "target_transform": "log1p"
}