{
  "mae": 146.52783248698267,
  "rmse": 210.78217157872953,
  "mae_log1p": 0.2238728528518785,
  "rmse_log1p": 0.2921540991926346,
  "best_val_mae": 0.2238728528518785,
  "health_model": "transformer",
  "target_transform": "log1p"
}