{
  "mae": 141.36084225062146,
  "rmse": 199.20546658606747,
  "mae_log1p": 0.5772726598787207,
  "rmse_log1p": 0.7585065524535679,
  "best_val_mae": 0.5772726598787207,
  "health_model": "none",
  "target_transform": "log1p"
}