{
  "mae": 147.25426920692098,
  "rmse": 211.39417023767544,
  "mae_log1p": 0.22417758560753698,
  "rmse_log1p": 0.29212615863955377,
  "best_val_mae": 0.22417758560753698,
  "health_model": "lstm",
  "target_transform": "log1p"
}