{
  "rmse_log1p": 0.12063536733887753,
  "mae_log1p": 0.08546473307480185
}